Head Coach,Logo Link,Manger,Team Name,Url
Mr. Aldin Ayo,https://dashboard.pba.ph/assets/logo/converge-logo2.png,"Mr. Jacob Lao, Gov. Dennis Pineda, Ms. CK Kanapi-Daniolco",Converge FiberXers,https://www.pba.ph/teams/converge-fiberxers
Mr. Earl Timothy Cone,https://dashboard.pba.ph/assets/logo/Ginebra150.png,"Mr. Alfrancis Chua, Mr. Raymond Rodriguez",Barangay Ginebra San Miguel,https://www.pba.ph/teams/barangay-ginebra-san-miguel
Mr. Bonnie Tan,https://dashboard.pba.ph/assets/logo/GLO_web.png,"Mr. Pido Jarencio, Mr. Waiyip Chong",North Port Batang Pier,https://www.pba.ph/teams/globalport-batang-pier
Mr. Jeffrey Cariaso,https://dashboard.pba.ph/assets/logo/Blackwater_new_logo_2021.png,"Mr. Johnson Martinez, Ms. Rhona Tibor",Blackwater Elite,https://www.pba.ph/teams/blackwater-elite
Mr. John Edel Cardel,https://dashboard.pba.ph/assets/logo/terrafirma.png,Mr. Ronald Tubid,Terrafirma Dyip,https://www.pba.ph/teams/terrafirma-dyip
Mr. Luigi Trillo,https://dashboard.pba.ph/assets/logo/web_mer.png,Mr. Paolo Trillo,Meralco Bolts,https://www.pba.ph/teams/meralco-bolts
Mr. Yeng Guiao,https://dashboard.pba.ph/assets/logo/web_ros.png,"Atty. Mamerto Mondragon, Mr. Jireh Ibanes",Rain or Shine Elastopainters,https://www.pba.ph/teams/rain-or-shine-elastopainters
Frankie Lim,https://dashboard.pba.ph/assets/logo/web_nlx.png,Mr. Larry Fonacier,NLEX Road Warriors,https://www.pba.ph/teams/nlex-road-warriors
Mr. Chot Reyes,https://dashboard.pba.ph/assets/logo/tropang_giga_pba.png,"Mr. Jojo Lastimosa, Ms. Yvette Ruiz",TNT Tropang Giga,https://www.pba.ph/teams/tnt-tropang-giga
Mr. Jorge Gallent,https://dashboard.pba.ph/assets/logo/SMB2020_web.png,"Mr. Gelacio Abanilla, Mr. Daniel Henares",San Miguel Beermen,https://www.pba.ph/teams/san-miguel-beermen
Mr. Chito Victolero,https://dashboard.pba.ph/assets/logo/magnolia-2022-logo.png,Mr. Alvin Patrimonio,Magnolia Chicken Timplados Hotshots,https://www.pba.ph/teams/magnolia-hotshots
Mr. Michael Jarin,https://dashboard.pba.ph/assets/logo/viber_image_2024-03-05_17-18-02-823.png,Mr. Paolo Bugia,Phoenix Fuel Masters,https://www.pba.ph/teams/phoenix-fuelmasters
